Company,Growth_Score,Growth_Change_Q,Heat_Score,Heat_Change,Business_Score,Headcount,News,News_Sentiment,News_Count,market
Kimley-Horn,,,92,14,74.0,7500.5,"Kimley-Horn: Seattle TechFlash — Firefly Park development 'on schedule' despite new tariffs ~ Kimley-Horn: Daily Herald — Barrington to revamp downtown streetscape with planters, seat walls, new trees ~ Kimley-Horn: The Orlando Sentinel — $270K study may finally answer: Why does Mount Dora smell funny? ~ Kimley-Horn: St Pete Catalyst — Optimism blooms for Pinellas Trail activation in St. Pete",0.245675,4,Dallas/Ft Worth
Kimley-Horn,,,92,14,74.0,7500.5,"Kimley-Horn: Seattle TechFlash — Firefly Park development 'on schedule' despite new tariffs ~ Kimley-Horn: Daily Herald — Barrington to revamp downtown streetscape with planters, seat walls, new trees ~ Kimley-Horn: The Orlando Sentinel — $270K study may finally answer: Why does Mount Dora smell funny? ~ Kimley-Horn: St Pete Catalyst — Optimism blooms for Pinellas Trail activation in St. Pete",0.245675,4,Dallas/Ft Worth
Square,87.0,-7.0,84,22,94.0,3000.5,"Square: PYMNTS.com — Earnings Season Points to Point of Sale’s Evolution Beyond the Cash Register ~ Square: EIN Presswire — Payment Service Provider Market to Hit $140.91 Billion By 2034, Powering Seamless Transactions ~ Square: PYMNTS.com — Square Launches Customizable Unified POS App ~ Square: EIN Presswire — POS Software Market to Hit $45.05 Billion By 2030, Streamlining Retail Operations With POS Software",0.09545,4,San Francisco
Square,87.0,-7.0,84,22,94.0,3000.5,"Square: PYMNTS.com — Earnings Season Points to Point of Sale’s Evolution Beyond the Cash Register ~ Square: EIN Presswire — Payment Service Provider Market to Hit $140.91 Billion By 2034, Powering Seamless Transactions ~ Square: PYMNTS.com — Square Launches Customizable Unified POS App ~ Square: EIN Presswire — POS Software Market to Hit $45.05 Billion By 2030, Streamlining Retail Operations With POS Software",0.09545,4,San Francisco
Flexport,88.0,1.0,70,11,89.0,3000.5,"Flexport: Business Insider — The worst is yet to come: Trump's tariffs could mean even higher prices and empty shelves within weeks ~ Flexport: Boston Globe — Trump keeps contradicting himself on tariffs, making a fragile world economy nervous ~ Flexport: Benzinga.com — Trump's Trade War Causes Sharp Decline In US Imports From China ~ Flexport: Business Standard India — Trump's mixed signals on tariffs make fragile global economy nervous",-0.527225,4,Manhattan
Flexport,88.0,1.0,70,11,89.0,3000.5,"Flexport: Business Insider — The worst is yet to come: Trump's tariffs could mean even higher prices and empty shelves within weeks ~ Flexport: Boston Globe — Trump keeps contradicting himself on tariffs, making a fragile world economy nervous ~ Flexport: Benzinga.com — Trump's Trade War Causes Sharp Decline In US Imports From China ~ Flexport: Business Standard India — Trump's mixed signals on tariffs make fragile global economy nervous",-0.527225,4,Manhattan
Morgan Stanley,61.0,-7.0,94,17,,14350.160035907811,"Morgan Stanley: eyeofriyadh.com — PIF's AviLease closes $1.5B revolving credit facility ~ Morgan Stanley: Yahoo Finance — Wall Street's fear of an AI slowdown is 'laughable,' Morgan Stanley says ~ Morgan Stanley: Business Insider — Wall Street's fear of an AI slowdown is 'laughable,' Morgan Stanley says ~ Morgan Stanley: StreetInsider.com — Mphasis Ltd. (MPHL:IN) PT Raised to INR2,650 at Morgan Stanley",-0.15150000000000002,4,Manhattan
Morgan Stanley,61.0,6.0,94,17,,14350.160035907811,"Morgan Stanley: eyeofriyadh.com — PIF's AviLease closes $1.5B revolving credit facility ~ Morgan Stanley: Yahoo Finance — Wall Street's fear of an AI slowdown is 'laughable,' Morgan Stanley says ~ Morgan Stanley: Business Insider — Wall Street's fear of an AI slowdown is 'laughable,' Morgan Stanley says ~ Morgan Stanley: StreetInsider.com — Mphasis Ltd. (MPHL:IN) PT Raised to INR2,650 at Morgan Stanley",-0.15150000000000002,4,Dallas/Ft Worth
Morgan Stanley,61.0,-7.0,94,17,,14350.160035907811,"Morgan Stanley: eyeofriyadh.com — PIF's AviLease closes $1.5B revolving credit facility ~ Morgan Stanley: Yahoo Finance — Wall Street's fear of an AI slowdown is 'laughable,' Morgan Stanley says ~ Morgan Stanley: Business Insider — Wall Street's fear of an AI slowdown is 'laughable,' Morgan Stanley says ~ Morgan Stanley: StreetInsider.com — Mphasis Ltd. (MPHL:IN) PT Raised to INR2,650 at Morgan Stanley",-0.15150000000000002,4,Manhattan
Morgan Stanley,61.0,-7.0,94,17,,14350.160035907811,"Morgan Stanley: eyeofriyadh.com — PIF's AviLease closes $1.5B revolving credit facility ~ Morgan Stanley: Yahoo Finance — Wall Street's fear of an AI slowdown is 'laughable,' Morgan Stanley says ~ Morgan Stanley: Business Insider — Wall Street's fear of an AI slowdown is 'laughable,' Morgan Stanley says ~ Morgan Stanley: StreetInsider.com — Mphasis Ltd. (MPHL:IN) PT Raised to INR2,650 at Morgan Stanley",-0.15150000000000002,4,Manhattan
Morgan Stanley,61.0,-7.0,94,17,,14350.160035907811,"Morgan Stanley: eyeofriyadh.com — PIF's AviLease closes $1.5B revolving credit facility ~ Morgan Stanley: Yahoo Finance — Wall Street's fear of an AI slowdown is 'laughable,' Morgan Stanley says ~ Morgan Stanley: Business Insider — Wall Street's fear of an AI slowdown is 'laughable,' Morgan Stanley says ~ Morgan Stanley: StreetInsider.com — Mphasis Ltd. (MPHL:IN) PT Raised to INR2,650 at Morgan Stanley",-0.15150000000000002,4,Manhattan
South College,,,78,6,,175.5,,0.0,1,Dallas/Ft Worth
Kimley-Horn,,,92,14,74.0,7500.5,"Kimley-Horn: Seattle TechFlash — Firefly Park development 'on schedule' despite new tariffs ~ Kimley-Horn: The Orlando Sentinel — $270K study may finally answer: Why does Mount Dora smell funny? ~ Kimley-Horn: Daily Herald — Barrington to revamp downtown streetscape with planters, seat walls, new trees ~ Kimley-Horn: St Pete Catalyst — Optimism blooms for Pinellas Trail activation in St. Pete",0.245675,4,Dallas/Ft Worth
Kimley-Horn,,,92,14,74.0,7500.5,"Kimley-Horn: Seattle TechFlash — Firefly Park development 'on schedule' despite new tariffs ~ Kimley-Horn: The Orlando Sentinel — $270K study may finally answer: Why does Mount Dora smell funny? ~ Kimley-Horn: Daily Herald — Barrington to revamp downtown streetscape with planters, seat walls, new trees ~ Kimley-Horn: St Pete Catalyst — Optimism blooms for Pinellas Trail activation in St. Pete",0.245675,4,Dallas/Ft Worth
Edward Jones,77.0,13.0,91,25,44.0,10598.46413103272,"Edward Jones: PR Newswire — Edward Jones Accelerates Value for Clients through New Products, Services and Capabilities ~ Edward Jones: Seattle TechFlash — The National Observer: Shifting market drives change among financial giants ~ Edward Jones: Globe and Mail — For many women, divorce kick-starts a crash course in money management ~ Edward Jones: Seattle TechFlash — Edward Jones chief Penny Pennington on market volatility, home office shake-up",-0.015474999999999989,4,Dallas/Ft Worth
Edward Jones,77.0,13.0,91,25,44.0,10598.46413103272,"Edward Jones: PR Newswire — Edward Jones Accelerates Value for Clients through New Products, Services and Capabilities ~ Edward Jones: Seattle TechFlash — The National Observer: Shifting market drives change among financial giants ~ Edward Jones: Globe and Mail — For many women, divorce kick-starts a crash course in money management ~ Edward Jones: Seattle TechFlash — Edward Jones chief Penny Pennington on market volatility, home office shake-up",-0.015474999999999989,4,Dallas/Ft Worth
Edward Jones,77.0,13.0,91,25,44.0,10598.46413103272,"Edward Jones: PR Newswire — Edward Jones Accelerates Value for Clients through New Products, Services and Capabilities ~ Edward Jones: Seattle TechFlash — The National Observer: Shifting market drives change among financial giants ~ Edward Jones: Globe and Mail — For many women, divorce kick-starts a crash course in money management ~ Edward Jones: Seattle TechFlash — Edward Jones chief Penny Pennington on market volatility, home office shake-up",-0.015474999999999989,4,Dallas/Ft Worth
Edward Jones,77.0,13.0,91,25,44.0,10598.46413103272,"Edward Jones: PR Newswire — Edward Jones Accelerates Value for Clients through New Products, Services and Capabilities ~ Edward Jones: Seattle TechFlash — The National Observer: Shifting market drives change among financial giants ~ Edward Jones: Globe and Mail — For many women, divorce kick-starts a crash course in money management ~ Edward Jones: Seattle TechFlash — Edward Jones chief Penny Pennington on market volatility, home office shake-up",-0.015474999999999989,4,Dallas/Ft Worth
Edward Jones,77.0,13.0,91,25,44.0,10598.46413103272,"Edward Jones: PR Newswire — Edward Jones Accelerates Value for Clients through New Products, Services and Capabilities ~ Edward Jones: Seattle TechFlash — The National Observer: Shifting market drives change among financial giants ~ Edward Jones: Globe and Mail — For many women, divorce kick-starts a crash course in money management ~ Edward Jones: Seattle TechFlash — Edward Jones chief Penny Pennington on market volatility, home office shake-up",-0.015474999999999989,4,Dallas/Ft Worth
Edward Jones,77.0,0.0,91,25,44.0,10598.46413103272,"Edward Jones: PR Newswire — Edward Jones Accelerates Value for Clients through New Products, Services and Capabilities ~ Edward Jones: Seattle TechFlash — The National Observer: Shifting market drives change among financial giants ~ Edward Jones: Globe and Mail — For many women, divorce kick-starts a crash course in money management ~ Edward Jones: Seattle TechFlash — Edward Jones chief Penny Pennington on market volatility, home office shake-up",-0.015474999999999989,4,Manhattan
Gartner,92.0,22.0,93,37,,7500.5,"Gartner: Fierce Network — Why China is so far ahead on private wireless, and other interesting 5G tidbits ~ Gartner: Computerworld — Freelancers now represent more than one in four US workers ~ Gartner: EIN Presswire — XMPro Named as a Specialist Vendor in Gartner® Report: Best Practices Preparing for Agentic and AI Agent Services ~ Gartner: PR Newswire — Selector identified by Gartner® as a Representative Vendor in the 2025 Market Guide for Event Intelligence Solutions",0.43185,4,San Francisco
Gartner,92.0,29.0,93,37,,7500.5,"Gartner: Fierce Network — Why China is so far ahead on private wireless, and other interesting 5G tidbits ~ Gartner: Computerworld — Freelancers now represent more than one in four US workers ~ Gartner: EIN Presswire — XMPro Named as a Specialist Vendor in Gartner® Report: Best Practices Preparing for Agentic and AI Agent Services ~ Gartner: PR Newswire — Selector identified by Gartner® as a Representative Vendor in the 2025 Market Guide for Event Intelligence Solutions",0.43185,4,Dallas/Ft Worth
Gartner,92.0,16.0,93,37,,7500.5,"Gartner: Fierce Network — Why China is so far ahead on private wireless, and other interesting 5G tidbits ~ Gartner: Computerworld — Freelancers now represent more than one in four US workers ~ Gartner: EIN Presswire — XMPro Named as a Specialist Vendor in Gartner® Report: Best Practices Preparing for Agentic and AI Agent Services ~ Gartner: PR Newswire — Selector identified by Gartner® as a Representative Vendor in the 2025 Market Guide for Event Intelligence Solutions",0.43185,4,Manhattan
Gartner,92.0,29.0,93,37,,7500.5,"Gartner: Fierce Network — Why China is so far ahead on private wireless, and other interesting 5G tidbits ~ Gartner: Computerworld — Freelancers now represent more than one in four US workers ~ Gartner: EIN Presswire — XMPro Named as a Specialist Vendor in Gartner® Report: Best Practices Preparing for Agentic and AI Agent Services ~ Gartner: PR Newswire — Selector identified by Gartner® as a Representative Vendor in the 2025 Market Guide for Event Intelligence Solutions",0.43185,4,Dallas/Ft Worth
Citadel,94.0,-3.0,77,14,82.0,3000.5,Citadel: Business Insider — Welcome to the 'dollar bear market.' Here's what top voices are saying about the greenback's decline. ~ Citadel: CBC — A 'madman' penalty: Are Trump's actions eroding U.S. economic power? ~ Citadel: GlobalFinTechSeries — Theo Raises $20M to Democratize Access to Institutional-Grade Trading Infrastructure ~ Citadel: Livemint.com — Ken Griffin Criticizes Trump Tariffs: ‘These Jobs Are Not Coming Back’,-0.05322500000000001,4,Manhattan
Citadel,94.0,-3.0,77,14,82.0,3000.5,Citadel: Business Insider — Welcome to the 'dollar bear market.' Here's what top voices are saying about the greenback's decline. ~ Citadel: CBC — A 'madman' penalty: Are Trump's actions eroding U.S. economic power? ~ Citadel: GlobalFinTechSeries — Theo Raises $20M to Democratize Access to Institutional-Grade Trading Infrastructure ~ Citadel: Livemint.com — Ken Griffin Criticizes Trump Tariffs: ‘These Jobs Are Not Coming Back’,-0.05322500000000001,4,Manhattan
Citadel,94.0,-3.0,77,14,82.0,3000.5,Citadel: Business Insider — Welcome to the 'dollar bear market.' Here's what top voices are saying about the greenback's decline. ~ Citadel: CBC — A 'madman' penalty: Are Trump's actions eroding U.S. economic power? ~ Citadel: GlobalFinTechSeries — Theo Raises $20M to Democratize Access to Institutional-Grade Trading Infrastructure ~ Citadel: Livemint.com — Ken Griffin Criticizes Trump Tariffs: ‘These Jobs Are Not Coming Back’,-0.05322500000000001,4,Manhattan
Citadel,94.0,-3.0,77,14,82.0,3000.5,Citadel: Business Insider — Welcome to the 'dollar bear market.' Here's what top voices are saying about the greenback's decline. ~ Citadel: CBC — A 'madman' penalty: Are Trump's actions eroding U.S. economic power? ~ Citadel: GlobalFinTechSeries — Theo Raises $20M to Democratize Access to Institutional-Grade Trading Infrastructure ~ Citadel: Livemint.com — Ken Griffin Criticizes Trump Tariffs: ‘These Jobs Are Not Coming Back’,-0.05322500000000001,4,Manhattan
Intercom,87.0,-9.0,88,24,77.0,750.5,"Intercom: Silicon Republic — Anthropic plans European expansion with 100 new jobs ~ Intercom: The Currency — Corporate rocket fuel: How to choose the right funding option for scaling a start-up ~ Intercom: The New Stack — From Seats to Success: Building Flexible SaaS Pricing for AI Products ~ Intercom: SalesTech Star — Tidio’s AI Agent Lyro Achieves Industry-Leading Customer Support Resolution Rates, Outperforming Intercom",0.270675,4,San Francisco
Adams Street Partners,77.0,-10.0,81,-4,,375.5,Adams Street Partners: Buyouts — San Bernardino launches debut private equity emerging manager program ~ Adams Street Partners: Private Debt Investor — Geopolitical concerns impacting majority of LPs’ investment decisions – report ~ Adams Street Partners: Alternative Credit Investor — Private markets allocations predicted to rise by two thirds of financial advisers ~ Adams Street Partners: Business Wire — Adams Street’s 2025 Advisor Outlook Highlights Rising Demand for Access to Private Markets,-0.026850000000000013,4,Manhattan
Egon Zehnder,81.0,-20.0,91,21,48.0,3000.5,"Egon Zehnder: mint — Crisis-hit IndusInd draws top search firms scouting for mandate to find new CEO ~ Egon Zehnder: Business Wire — Prioritizing Long-Term Leadership Approaches, Egon Zehnder Announces New Global Financial Services Co-Leaders ~ Egon Zehnder: mint — Companies News Today Live Updates on March 26, 2025: Crisis-hit IndusInd draws top search firms scouting for mandate to find new CEO ~ Egon Zehnder: HMG Strategy — Just Five Days Away! Garden State C-suite executives can Register Now for HMG Strategy’s 17th Annual New Jersey C-Level Technology Leadership Summit of America on April 29",0.10115,4,Manhattan
Spaces,91.0,-4.0,55,4,88.0,175.5,"Spaces: Geeky Gadgets — New Perplexity Spaces Feature Enhancing AI Research and Collaboration ~ Spaces: ACN Newswire — SPACES: Digital Innovation Meets Contemporary Art at Phillips ~ Spaces: PRWeb — Space Codesign Systems is breaking new ground with its SpaceStudio GNSS Workbench ~ Spaces: Tech Times — AI Platform Hugging Face Spaces Hacked, Member Authentication Secrets Exposed",0.04427499999999999,4,Manhattan
Spaces,91.0,-4.0,55,4,88.0,175.5,"Spaces: Geeky Gadgets — New Perplexity Spaces Feature Enhancing AI Research and Collaboration ~ Spaces: ACN Newswire — SPACES: Digital Innovation Meets Contemporary Art at Phillips ~ Spaces: PRWeb — Space Codesign Systems is breaking new ground with its SpaceStudio GNSS Workbench ~ Spaces: Tech Times — AI Platform Hugging Face Spaces Hacked, Member Authentication Secrets Exposed",0.04427499999999999,4,Manhattan
Spaces,91.0,-4.0,55,4,88.0,175.5,"Spaces: Geeky Gadgets — New Perplexity Spaces Feature Enhancing AI Research and Collaboration ~ Spaces: ACN Newswire — SPACES: Digital Innovation Meets Contemporary Art at Phillips ~ Spaces: PRWeb — Space Codesign Systems is breaking new ground with its SpaceStudio GNSS Workbench ~ Spaces: Tech Times — AI Platform Hugging Face Spaces Hacked, Member Authentication Secrets Exposed",0.04427499999999999,4,Manhattan
Spaces,91.0,2.0,55,4,88.0,175.5,"Spaces: Geeky Gadgets — New Perplexity Spaces Feature Enhancing AI Research and Collaboration ~ Spaces: ACN Newswire — SPACES: Digital Innovation Meets Contemporary Art at Phillips ~ Spaces: PRWeb — Space Codesign Systems is breaking new ground with its SpaceStudio GNSS Workbench ~ Spaces: Tech Times — AI Platform Hugging Face Spaces Hacked, Member Authentication Secrets Exposed",0.04427499999999999,4,San Francisco
Spaces,91.0,-4.0,55,4,88.0,175.5,"Spaces: Geeky Gadgets — New Perplexity Spaces Feature Enhancing AI Research and Collaboration ~ Spaces: ACN Newswire — SPACES: Digital Innovation Meets Contemporary Art at Phillips ~ Spaces: PRWeb — Space Codesign Systems is breaking new ground with its SpaceStudio GNSS Workbench ~ Spaces: Tech Times — AI Platform Hugging Face Spaces Hacked, Member Authentication Secrets Exposed",0.04427499999999999,4,Manhattan
Spaces,91.0,-4.0,55,4,88.0,175.5,"Spaces: Geeky Gadgets — New Perplexity Spaces Feature Enhancing AI Research and Collaboration ~ Spaces: ACN Newswire — SPACES: Digital Innovation Meets Contemporary Art at Phillips ~ Spaces: PRWeb — Space Codesign Systems is breaking new ground with its SpaceStudio GNSS Workbench ~ Spaces: Tech Times — AI Platform Hugging Face Spaces Hacked, Member Authentication Secrets Exposed",0.04427499999999999,4,Manhattan
Spaces,91.0,-4.0,55,4,88.0,175.5,"Spaces: Geeky Gadgets — New Perplexity Spaces Feature Enhancing AI Research and Collaboration ~ Spaces: ACN Newswire — SPACES: Digital Innovation Meets Contemporary Art at Phillips ~ Spaces: PRWeb — Space Codesign Systems is breaking new ground with its SpaceStudio GNSS Workbench ~ Spaces: Tech Times — AI Platform Hugging Face Spaces Hacked, Member Authentication Secrets Exposed",0.04427499999999999,4,Manhattan
Spaces,91.0,-4.0,55,4,88.0,175.5,"Spaces: Geeky Gadgets — New Perplexity Spaces Feature Enhancing AI Research and Collaboration ~ Spaces: ACN Newswire — SPACES: Digital Innovation Meets Contemporary Art at Phillips ~ Spaces: PRWeb — Space Codesign Systems is breaking new ground with its SpaceStudio GNSS Workbench ~ Spaces: Tech Times — AI Platform Hugging Face Spaces Hacked, Member Authentication Secrets Exposed",0.04427499999999999,4,Manhattan
Spaces,91.0,9.0,55,4,88.0,175.5,"Spaces: Geeky Gadgets — New Perplexity Spaces Feature Enhancing AI Research and Collaboration ~ Spaces: ACN Newswire — SPACES: Digital Innovation Meets Contemporary Art at Phillips ~ Spaces: PRWeb — Space Codesign Systems is breaking new ground with its SpaceStudio GNSS Workbench ~ Spaces: Tech Times — AI Platform Hugging Face Spaces Hacked, Member Authentication Secrets Exposed",0.04427499999999999,4,Dallas/Ft Worth
Spaces,91.0,9.0,55,4,88.0,175.5,"Spaces: Geeky Gadgets — New Perplexity Spaces Feature Enhancing AI Research and Collaboration ~ Spaces: ACN Newswire — SPACES: Digital Innovation Meets Contemporary Art at Phillips ~ Spaces: PRWeb — Space Codesign Systems is breaking new ground with its SpaceStudio GNSS Workbench ~ Spaces: Tech Times — AI Platform Hugging Face Spaces Hacked, Member Authentication Secrets Exposed",0.04427499999999999,4,Dallas/Ft Worth
Raytheon,83.0,5.0,82,10,,11659.293261320681,"Raytheon: SlashGear.com — How Can Helicopters And Planes Detect And Sink Submarines? ~ Raytheon: Business Insider — It looks like a StormBreaker may have landed intact in Yemen, raising the risk the US bomb could fall into the wrong hands ~ Raytheon: Łukasiewicz Research Network – Institute of Aviation — Aerodays 2025: A Conference on the Future of European Aviation Comes to Poland for the First Time ~ Raytheon: Research and Markets — Advanced Millimeter-Wave Reflectors and Repeaters Market Forecast, 2024-2033: Telecom Giants Drive Growth in mmWave Reflectors and Repeaters with 5G Deployment",-0.016875,4,Dallas/Ft Worth
Charles Schwab,94.0,2.0,94,16,,10680.456703848922,"Charles Schwab: Investing — This online brokerage is a buy in this uncertain market environment, Goldman Sachs says ~ Charles Schwab: StreetInsider.com — Goldman Sachs Upgrades Charles Schwab Corp. (SCHW) to Buy ~ Charles Schwab: Morningstar.com — Municipal bonds are now a bargain thanks to Trump's tariff turmoil ~ Charles Schwab: Vice — Teens Are Using ChatGPT to Invest in the Stock Market",-0.01630000000000001,4,Dallas/Ft Worth
Charles Schwab,94.0,2.0,94,16,,10680.456703848922,"Charles Schwab: Investing — This online brokerage is a buy in this uncertain market environment, Goldman Sachs says ~ Charles Schwab: StreetInsider.com — Goldman Sachs Upgrades Charles Schwab Corp. (SCHW) to Buy ~ Charles Schwab: Morningstar.com — Municipal bonds are now a bargain thanks to Trump's tariff turmoil ~ Charles Schwab: Vice — Teens Are Using ChatGPT to Invest in the Stock Market",-0.01630000000000001,4,Dallas/Ft Worth
Charles Schwab,94.0,-5.0,94,16,,10680.456703848922,"Charles Schwab: Investing — This online brokerage is a buy in this uncertain market environment, Goldman Sachs says ~ Charles Schwab: StreetInsider.com — Goldman Sachs Upgrades Charles Schwab Corp. (SCHW) to Buy ~ Charles Schwab: Morningstar.com — Municipal bonds are now a bargain thanks to Trump's tariff turmoil ~ Charles Schwab: Vice — Teens Are Using ChatGPT to Invest in the Stock Market",-0.01630000000000001,4,San Francisco
Charles Schwab,94.0,-11.0,94,16,,10680.456703848922,"Charles Schwab: Investing — This online brokerage is a buy in this uncertain market environment, Goldman Sachs says ~ Charles Schwab: StreetInsider.com — Goldman Sachs Upgrades Charles Schwab Corp. (SCHW) to Buy ~ Charles Schwab: Morningstar.com — Municipal bonds are now a bargain thanks to Trump's tariff turmoil ~ Charles Schwab: Vice — Teens Are Using ChatGPT to Invest in the Stock Market",-0.01630000000000001,4,Manhattan
Charles Schwab,94.0,-5.0,94,16,,10680.456703848922,"Charles Schwab: Investing — This online brokerage is a buy in this uncertain market environment, Goldman Sachs says ~ Charles Schwab: StreetInsider.com — Goldman Sachs Upgrades Charles Schwab Corp. (SCHW) to Buy ~ Charles Schwab: Morningstar.com — Municipal bonds are now a bargain thanks to Trump's tariff turmoil ~ Charles Schwab: Vice — Teens Are Using ChatGPT to Invest in the Stock Market",-0.01630000000000001,4,San Francisco
Cleanis,,,73,12,44.0,30.5,,0.0,1,Dallas/Ft Worth
The Michael Group,,,78,-5,88.0,750.5,,0.0,1,Dallas/Ft Worth
CMA,91.0,10.0,47,8,90.0,30.5,"CMA: Computer World New Zealand — CMA probe of Google, Anthropic ‘a precautionary’ move: Analyst ~ CMA: The Standard — CMA probe shortfalls will leave consumers still at risk from rogue traders ~ CMA: TechTrendsKE — HF Group Secures CMA Approval for Rights Issue ~ CMA: IT PRO — Industry body hits out at CMA following launch of Google, Anthropic merger probe",0.08537499999999999,4,Dallas/Ft Worth
CMA,91.0,10.0,47,8,90.0,30.5,"CMA: Computer World New Zealand — CMA probe of Google, Anthropic ‘a precautionary’ move: Analyst ~ CMA: The Standard — CMA probe shortfalls will leave consumers still at risk from rogue traders ~ CMA: TechTrendsKE — HF Group Secures CMA Approval for Rights Issue ~ CMA: IT PRO — Industry body hits out at CMA following launch of Google, Anthropic merger probe",0.08537499999999999,4,Dallas/Ft Worth
Blue Star Sports,4.0,4.0,42,0,,175.5,"Blue Star Sports: Telegraph India — Offbeat sporting careers might be your calling ~ Blue Star Sports: Forbes India — Brands look to score big with IPL ~ Blue Star Sports: Arkansas Online — Neighbors' outlook sunny for 2019-20 ~ Blue Star Sports: Startup Around — With Reliance Jio, Spotify and Sony as clients, Cameraah aims to make AR effortless for brands",0.105375,4,Dallas/Ft Worth
Velocis Management,,,74,6,87.0,3000.5,Velocis: Business Journals — Velocis responds as Austin suburbs sue to stop its industrial project ~ Velocis: Business Journals — Austin suburb joins lawsuit against Velocis' industrial project,-0.26115,2,Dallas/Ft Worth
Velocis Management,,,74,6,87.0,3000.5,Velocis: Business Journals — Velocis responds as Austin suburbs sue to stop its industrial project ~ Velocis: Business Journals — Austin suburb joins lawsuit against Velocis' industrial project,-0.26115,2,Dallas/Ft Worth
Domus Development,,,89,23,60.0,5.5,,0.0,1,Dallas/Ft Worth
Laz Parking,70.0,8.0,93,31,84.0,7500.5,"LAZ Parking: Hartford Business Journal — New special taxing district eyed for massive Port Eastside development in East Hartford ~ LAZ Parking: citybiz — LAZ Parking Acquires FleetLogix ~ LAZ Parking: GlobeNewswire News Room — $138.18 Bn Parking Lots and Garages Market Trends, Opportunities and Strategies, 2018-2023, 2028F, 2033F ~ LAZ Parking: Venture Capital — Packsize Bolsters Global Leadership Through Acquisition of Sparck Technologies",0.195925,4,Dallas/Ft Worth
Alvarez & Marsal,66.0,-10.0,92,10,84.0,13717.556923185923,Alvarez & Marsal: Telegraph — Treasury borrowing surges as non-doms flee Britain ~ Alvarez & Marsal: Tech in Asia — Indian healthcare firm ex-CEO challenges ouster in court ~ Alvarez & Marsal: Winnipeg Free Press — Hudson’s Bay sees interest in 65 of its leases: court documents ~ Alvarez & Marsal: Edmonton Sun — Hudson’s Bay sees interest in 65 of its leases: Court documents,0.370325,4,Manhattan
Alvarez & Marsal,66.0,-10.0,92,10,84.0,13717.556923185923,Alvarez & Marsal: Telegraph — Treasury borrowing surges as non-doms flee Britain ~ Alvarez & Marsal: Tech in Asia — Indian healthcare firm ex-CEO challenges ouster in court ~ Alvarez & Marsal: Winnipeg Free Press — Hudson’s Bay sees interest in 65 of its leases: court documents ~ Alvarez & Marsal: Edmonton Sun — Hudson’s Bay sees interest in 65 of its leases: Court documents,0.370325,4,Manhattan
Alvarez & Marsal,66.0,-10.0,92,10,84.0,13717.556923185923,Alvarez & Marsal: Telegraph — Treasury borrowing surges as non-doms flee Britain ~ Alvarez & Marsal: Tech in Asia — Indian healthcare firm ex-CEO challenges ouster in court ~ Alvarez & Marsal: Winnipeg Free Press — Hudson’s Bay sees interest in 65 of its leases: court documents ~ Alvarez & Marsal: Edmonton Sun — Hudson’s Bay sees interest in 65 of its leases: Court documents,0.370325,4,Manhattan
Invenergy,94.0,-5.0,83,12,90.0,3000.5,Invenergy: altenergymag.com — Clean Energy Revolution: Renewable Market Growth Fueled by Sustainability and Innovation ~ Invenergy: PRLog — Green Power Market Size and Future Growth Prospects: Analysis to 2032 ~ Invenergy: Seattle TechFlash — Central Ohio industrial market sees a resurgence in the first quarter ~ Invenergy: Business Wire — U.S. Green Hydrogen Market for Mobility: Focus on Hydrogen Infrastructure and Refuelling Stations - ResearchAndMarkets.com,0.356525,4,Manhattan
Venture X,75.0,-12.0,72,2,96.0,5.5,Venture X: masslive — Is Worcester’s startup scene on the verge of a tipping point? ~ Venture X: The Business Journals — WeWork finally is headed to Orlando — sort of ~ Venture X: Business Wire — WeWork Launches Network of Coworking Partner Locations in Collaboration with Vast Coworking Group ~ Venture X: EIN Presswire — VentureX: Pioneering the Future of Cryptocurrency Investment with AI-Powered Blockchain Solutions,0.044475,4,Dallas/Ft Worth
Venture X,75.0,-12.0,72,2,96.0,5.5,Venture X: masslive — Is Worcester’s startup scene on the verge of a tipping point? ~ Venture X: The Business Journals — WeWork finally is headed to Orlando — sort of ~ Venture X: Business Wire — WeWork Launches Network of Coworking Partner Locations in Collaboration with Vast Coworking Group ~ Venture X: EIN Presswire — VentureX: Pioneering the Future of Cryptocurrency Investment with AI-Powered Blockchain Solutions,0.044475,4,Dallas/Ft Worth
Cushman & Wakefield,97.0,-6.0,95,6,,10544.236971653641,Cushman & Wakefield: Seattle TechFlash — Kansas City Business Journal ~ Cushman & Wakefield: Seattle TechFlash — Meet the 2025 Power Brokers in Residential Real Estate - South Florida Business Journal ~ Cushman & Wakefield: Seattle TechFlash — Major renovation underway for Belltown tower acquired via foreclosure ~ Cushman & Wakefield: Arabian Business — Dubai free zones to gain from Trump tariff policies as businesses eye neutral UAE,0.160925,4,Manhattan
Wells Fargo,84.0,-12.0,95,18,,13669.973717316245,"Wells Fargo: Benzinga.com — Amazon, Nvidia Dismiss Fears Of AI Data Center 'Pullback': 'We Continue To See Very Strong Demand' ~ Wells Fargo: Bloomberg — Two Ex-Wells Fargo Auditors Reach Settlement With Bank Regulator ~ Wells Fargo: 24-7 Press Release Newswire — Marquis Who's Who Honors Madolyn ""Midge"" MacArthur for Expertise in Banking ~ Wells Fargo: Seattle TechFlash — The Beat: M25 adds Chicago founder as venture partner",0.39415,4,Manhattan
Wells Fargo,84.0,-12.0,95,18,,13669.973717316245,"Wells Fargo: Benzinga.com — Amazon, Nvidia Dismiss Fears Of AI Data Center 'Pullback': 'We Continue To See Very Strong Demand' ~ Wells Fargo: Bloomberg — Two Ex-Wells Fargo Auditors Reach Settlement With Bank Regulator ~ Wells Fargo: 24-7 Press Release Newswire — Marquis Who's Who Honors Madolyn ""Midge"" MacArthur for Expertise in Banking ~ Wells Fargo: Seattle TechFlash — The Beat: M25 adds Chicago founder as venture partner",0.39415,4,Manhattan
Wells Fargo,84.0,1.0,95,18,,13669.973717316245,"Wells Fargo: Benzinga.com — Amazon, Nvidia Dismiss Fears Of AI Data Center 'Pullback': 'We Continue To See Very Strong Demand' ~ Wells Fargo: Bloomberg — Two Ex-Wells Fargo Auditors Reach Settlement With Bank Regulator ~ Wells Fargo: 24-7 Press Release Newswire — Marquis Who's Who Honors Madolyn ""Midge"" MacArthur for Expertise in Banking ~ Wells Fargo: Seattle TechFlash — The Beat: M25 adds Chicago founder as venture partner",0.39415,4,Dallas/Ft Worth
Wells Fargo,84.0,-6.0,95,18,,13669.973717316245,"Wells Fargo: Benzinga.com — Amazon, Nvidia Dismiss Fears Of AI Data Center 'Pullback': 'We Continue To See Very Strong Demand' ~ Wells Fargo: Bloomberg — Two Ex-Wells Fargo Auditors Reach Settlement With Bank Regulator ~ Wells Fargo: 24-7 Press Release Newswire — Marquis Who's Who Honors Madolyn ""Midge"" MacArthur for Expertise in Banking ~ Wells Fargo: Seattle TechFlash — The Beat: M25 adds Chicago founder as venture partner",0.39415,4,San Francisco
Wells Fargo,84.0,-12.0,95,18,,13669.973717316245,"Wells Fargo: Benzinga.com — Amazon, Nvidia Dismiss Fears Of AI Data Center 'Pullback': 'We Continue To See Very Strong Demand' ~ Wells Fargo: Bloomberg — Two Ex-Wells Fargo Auditors Reach Settlement With Bank Regulator ~ Wells Fargo: 24-7 Press Release Newswire — Marquis Who's Who Honors Madolyn ""Midge"" MacArthur for Expertise in Banking ~ Wells Fargo: Seattle TechFlash — The Beat: M25 adds Chicago founder as venture partner",0.39415,4,Manhattan
Wells Fargo,84.0,-12.0,95,18,,13669.973717316245,"Wells Fargo: Benzinga.com — Amazon, Nvidia Dismiss Fears Of AI Data Center 'Pullback': 'We Continue To See Very Strong Demand' ~ Wells Fargo: Bloomberg — Two Ex-Wells Fargo Auditors Reach Settlement With Bank Regulator ~ Wells Fargo: 24-7 Press Release Newswire — Marquis Who's Who Honors Madolyn ""Midge"" MacArthur for Expertise in Banking ~ Wells Fargo: Seattle TechFlash — The Beat: M25 adds Chicago founder as venture partner",0.39415,4,Manhattan
Wells Fargo,84.0,-6.0,95,18,,13669.973717316245,"Wells Fargo: Benzinga.com — Amazon, Nvidia Dismiss Fears Of AI Data Center 'Pullback': 'We Continue To See Very Strong Demand' ~ Wells Fargo: Bloomberg — Two Ex-Wells Fargo Auditors Reach Settlement With Bank Regulator ~ Wells Fargo: 24-7 Press Release Newswire — Marquis Who's Who Honors Madolyn ""Midge"" MacArthur for Expertise in Banking ~ Wells Fargo: Seattle TechFlash — The Beat: M25 adds Chicago founder as venture partner",0.39415,4,San Francisco
Infor,92.0,-9.0,93,11,96.0,10262.998491191107,"Infor: PR Newswire — Nucleus Research Releases 2025 iPaaS Technology Value Matrix ~ Infor: Business Wire — Smart Warehouse Market Outlook & Forecast Report 2025-2030, with Profiles of Honeywell, IBM, Oracle, Armstrong, Daifuku, Manhattan, Infor, Korber, Blue Yonder, Epicor and more - ResearchAndMarkets.com ~ Infor: PR Newswire — Nucleus Research Releases 2025 WFM Technology Value Matrix ~ Infor: SalesTech Star — Cavallo Announces Integration with Infor ERP Systems to Expand Profit Maximization Reach",0.432625,4,Manhattan
Infor,92.0,-9.0,93,11,96.0,10262.998491191107,"Infor: PR Newswire — Nucleus Research Releases 2025 iPaaS Technology Value Matrix ~ Infor: Business Wire — Smart Warehouse Market Outlook & Forecast Report 2025-2030, with Profiles of Honeywell, IBM, Oracle, Armstrong, Daifuku, Manhattan, Infor, Korber, Blue Yonder, Epicor and more - ResearchAndMarkets.com ~ Infor: PR Newswire — Nucleus Research Releases 2025 WFM Technology Value Matrix ~ Infor: SalesTech Star — Cavallo Announces Integration with Infor ERP Systems to Expand Profit Maximization Reach",0.432625,4,Manhattan
Lieberman Research Worldwide,91.0,0.0,57,4,61.0,375.5,Lieberman Research Worldwide: Built In LA — 12 virtual reality startups in LA you should know ~ Lieberman Research Worldwide: PRWeb Sitemap — LRW Names Jeff Reynolds President of So What Holdings,0.0,2,Manhattan
Grapeshot,,,45,-7,,75.5,"Grapeshot: Ad Tech Daily — Grapeshot Founder and ‘Pioneer’ of Contextual Advertising John Snyder Joins Illuma Technology ~ Grapeshot: PRNewswire — As New EU Data Regulations Loom, Grapeshot Empowers Marketers to Increase Digital Scale and Delivery with Contextual Intelligence ~ Grapeshot: Wyoming Business Report — Support Your Immune System with Grapes ~ Grapeshot: AdExchanger — Contextual On The Upswing, With GumGum CEO Phil Schraeder",0.28542500000000004,4,Manhattan
KPMG,59.0,-16.0,84,10,95.0,14576.974910228068,"KPMG: Private Funds CFO — Good old governance tops LP priorities, KPMG says ~ KPMG: Paypers — Poste and the mint question the EUR 500 million valuation of PagoPA ~ KPMG: Business Insider — The Big Four have a partner problem — and they're losing talent ~ KPMG: prnasia.com — MINISO Group Announces Annual General Meeting on June 12, 2025, Filing of Annual Report on Form 20-F and Proposed Change of Auditors",0.09347499999999999,4,Manhattan
KPMG,59.0,-16.0,84,10,95.0,14576.974910228068,"KPMG: Private Funds CFO — Good old governance tops LP priorities, KPMG says ~ KPMG: Paypers — Poste and the mint question the EUR 500 million valuation of PagoPA ~ KPMG: Business Insider — The Big Four have a partner problem — and they're losing talent ~ KPMG: prnasia.com — MINISO Group Announces Annual General Meeting on June 12, 2025, Filing of Annual Report on Form 20-F and Proposed Change of Auditors",0.09347499999999999,4,Manhattan
KPMG,59.0,-10.0,84,10,95.0,14576.974910228068,"KPMG: Private Funds CFO — Good old governance tops LP priorities, KPMG says ~ KPMG: Paypers — Poste and the mint question the EUR 500 million valuation of PagoPA ~ KPMG: Business Insider — The Big Four have a partner problem — and they're losing talent ~ KPMG: prnasia.com — MINISO Group Announces Annual General Meeting on June 12, 2025, Filing of Annual Report on Form 20-F and Proposed Change of Auditors",0.09347499999999999,4,San Francisco
KPMG,59.0,-16.0,84,10,95.0,14576.974910228068,"KPMG: Private Funds CFO — Good old governance tops LP priorities, KPMG says ~ KPMG: Paypers — Poste and the mint question the EUR 500 million valuation of PagoPA ~ KPMG: Business Insider — The Big Four have a partner problem — and they're losing talent ~ KPMG: prnasia.com — MINISO Group Announces Annual General Meeting on June 12, 2025, Filing of Annual Report on Form 20-F and Proposed Change of Auditors",0.09347499999999999,4,Manhattan
KPMG,59.0,-10.0,84,10,95.0,14576.974910228068,"KPMG: Private Funds CFO — Good old governance tops LP priorities, KPMG says ~ KPMG: Paypers — Poste and the mint question the EUR 500 million valuation of PagoPA ~ KPMG: Business Insider — The Big Four have a partner problem — and they're losing talent ~ KPMG: prnasia.com — MINISO Group Announces Annual General Meeting on June 12, 2025, Filing of Annual Report on Form 20-F and Proposed Change of Auditors",0.09347499999999999,4,San Francisco
Knotel,62.0,-6.0,57,-1,81.0,175.5,"Knotel: Business Journals — Future Knotel building in Wynwood obtains $11M mortgage ~ Knotel: Business Insider — After the disaster of office-rental startup Knotel last year, its founder Amol Sarva is now back as a VC with a $100 million fund ~ Knotel: Crunchbase News — ‘Winners Take None’ Is A Mantra For Many In The Unicorn Era ~ Knotel: Advertising Age — Five reasons why I'm opening my own small agency",-0.156225,4,Manhattan
Knotel,62.0,-6.0,57,-1,81.0,175.5,"Knotel: Business Journals — Future Knotel building in Wynwood obtains $11M mortgage ~ Knotel: Business Insider — After the disaster of office-rental startup Knotel last year, its founder Amol Sarva is now back as a VC with a $100 million fund ~ Knotel: Crunchbase News — ‘Winners Take None’ Is A Mantra For Many In The Unicorn Era ~ Knotel: Advertising Age — Five reasons why I'm opening my own small agency",-0.156225,4,Manhattan
Knotel,62.0,-6.0,57,-1,81.0,175.5,"Knotel: Business Journals — Future Knotel building in Wynwood obtains $11M mortgage ~ Knotel: Business Insider — After the disaster of office-rental startup Knotel last year, its founder Amol Sarva is now back as a VC with a $100 million fund ~ Knotel: Crunchbase News — ‘Winners Take None’ Is A Mantra For Many In The Unicorn Era ~ Knotel: Advertising Age — Five reasons why I'm opening my own small agency",-0.156225,4,Manhattan
Knotel,62.0,-6.0,57,-1,81.0,175.5,"Knotel: Business Journals — Future Knotel building in Wynwood obtains $11M mortgage ~ Knotel: Business Insider — After the disaster of office-rental startup Knotel last year, its founder Amol Sarva is now back as a VC with a $100 million fund ~ Knotel: Crunchbase News — ‘Winners Take None’ Is A Mantra For Many In The Unicorn Era ~ Knotel: Advertising Age — Five reasons why I'm opening my own small agency",-0.156225,4,Manhattan
Knotel,62.0,-6.0,57,-1,81.0,175.5,"Knotel: Business Journals — Future Knotel building in Wynwood obtains $11M mortgage ~ Knotel: Business Insider — After the disaster of office-rental startup Knotel last year, its founder Amol Sarva is now back as a VC with a $100 million fund ~ Knotel: Crunchbase News — ‘Winners Take None’ Is A Mantra For Many In The Unicorn Era ~ Knotel: Advertising Age — Five reasons why I'm opening my own small agency",-0.156225,4,Manhattan
Knotel,62.0,-6.0,57,-1,81.0,175.5,"Knotel: Business Journals — Future Knotel building in Wynwood obtains $11M mortgage ~ Knotel: Business Insider — After the disaster of office-rental startup Knotel last year, its founder Amol Sarva is now back as a VC with a $100 million fund ~ Knotel: Crunchbase News — ‘Winners Take None’ Is A Mantra For Many In The Unicorn Era ~ Knotel: Advertising Age — Five reasons why I'm opening my own small agency",-0.156225,4,Manhattan
Knotel,62.0,-6.0,57,-1,81.0,175.5,"Knotel: Business Journals — Future Knotel building in Wynwood obtains $11M mortgage ~ Knotel: Business Insider — After the disaster of office-rental startup Knotel last year, its founder Amol Sarva is now back as a VC with a $100 million fund ~ Knotel: Crunchbase News — ‘Winners Take None’ Is A Mantra For Many In The Unicorn Era ~ Knotel: Advertising Age — Five reasons why I'm opening my own small agency",-0.156225,4,Manhattan
Knotel,62.0,-6.0,57,-1,81.0,175.5,"Knotel: Business Journals — Future Knotel building in Wynwood obtains $11M mortgage ~ Knotel: Business Insider — After the disaster of office-rental startup Knotel last year, its founder Amol Sarva is now back as a VC with a $100 million fund ~ Knotel: Crunchbase News — ‘Winners Take None’ Is A Mantra For Many In The Unicorn Era ~ Knotel: Advertising Age — Five reasons why I'm opening my own small agency",-0.156225,4,Manhattan
Knotel,62.0,-6.0,57,-1,81.0,175.5,"Knotel: Business Journals — Future Knotel building in Wynwood obtains $11M mortgage ~ Knotel: Business Insider — After the disaster of office-rental startup Knotel last year, its founder Amol Sarva is now back as a VC with a $100 million fund ~ Knotel: Crunchbase News — ‘Winners Take None’ Is A Mantra For Many In The Unicorn Era ~ Knotel: Advertising Age — Five reasons why I'm opening my own small agency",-0.156225,4,Manhattan
Knotel,62.0,-6.0,57,-1,81.0,175.5,"Knotel: Business Journals — Future Knotel building in Wynwood obtains $11M mortgage ~ Knotel: Business Insider — After the disaster of office-rental startup Knotel last year, its founder Amol Sarva is now back as a VC with a $100 million fund ~ Knotel: Crunchbase News — ‘Winners Take None’ Is A Mantra For Many In The Unicorn Era ~ Knotel: Advertising Age — Five reasons why I'm opening my own small agency",-0.156225,4,Manhattan
Knotel,62.0,-6.0,57,-1,81.0,175.5,"Knotel: Business Journals — Future Knotel building in Wynwood obtains $11M mortgage ~ Knotel: Business Insider — After the disaster of office-rental startup Knotel last year, its founder Amol Sarva is now back as a VC with a $100 million fund ~ Knotel: Crunchbase News — ‘Winners Take None’ Is A Mantra For Many In The Unicorn Era ~ Knotel: Advertising Age — Five reasons why I'm opening my own small agency",-0.156225,4,Manhattan
Knotel,62.0,-6.0,57,-1,81.0,175.5,"Knotel: Business Journals — Future Knotel building in Wynwood obtains $11M mortgage ~ Knotel: Business Insider — After the disaster of office-rental startup Knotel last year, its founder Amol Sarva is now back as a VC with a $100 million fund ~ Knotel: Crunchbase News — ‘Winners Take None’ Is A Mantra For Many In The Unicorn Era ~ Knotel: Advertising Age — Five reasons why I'm opening my own small agency",-0.156225,4,Manhattan
Knotel,62.0,-6.0,57,-1,81.0,175.5,"Knotel: Business Journals — Future Knotel building in Wynwood obtains $11M mortgage ~ Knotel: Business Insider — After the disaster of office-rental startup Knotel last year, its founder Amol Sarva is now back as a VC with a $100 million fund ~ Knotel: Crunchbase News — ‘Winners Take None’ Is A Mantra For Many In The Unicorn Era ~ Knotel: Advertising Age — Five reasons why I'm opening my own small agency",-0.156225,4,Manhattan
Knotel,62.0,-6.0,57,-1,81.0,175.5,"Knotel: Business Journals — Future Knotel building in Wynwood obtains $11M mortgage ~ Knotel: Business Insider — After the disaster of office-rental startup Knotel last year, its founder Amol Sarva is now back as a VC with a $100 million fund ~ Knotel: Crunchbase News — ‘Winners Take None’ Is A Mantra For Many In The Unicorn Era ~ Knotel: Advertising Age — Five reasons why I'm opening my own small agency",-0.156225,4,Manhattan
Knotel,62.0,0.0,57,-1,81.0,175.5,"Knotel: Business Journals — Future Knotel building in Wynwood obtains $11M mortgage ~ Knotel: Business Insider — After the disaster of office-rental startup Knotel last year, its founder Amol Sarva is now back as a VC with a $100 million fund ~ Knotel: Crunchbase News — ‘Winners Take None’ Is A Mantra For Many In The Unicorn Era ~ Knotel: Advertising Age — Five reasons why I'm opening my own small agency",-0.156225,4,San Francisco
Knotel,62.0,0.0,57,-1,81.0,175.5,"Knotel: Business Journals — Future Knotel building in Wynwood obtains $11M mortgage ~ Knotel: Business Insider — After the disaster of office-rental startup Knotel last year, its founder Amol Sarva is now back as a VC with a $100 million fund ~ Knotel: Crunchbase News — ‘Winners Take None’ Is A Mantra For Many In The Unicorn Era ~ Knotel: Advertising Age — Five reasons why I'm opening my own small agency",-0.156225,4,San Francisco
Knotel,62.0,-6.0,57,-1,81.0,175.5,"Knotel: Business Journals — Future Knotel building in Wynwood obtains $11M mortgage ~ Knotel: Business Insider — After the disaster of office-rental startup Knotel last year, its founder Amol Sarva is now back as a VC with a $100 million fund ~ Knotel: Crunchbase News — ‘Winners Take None’ Is A Mantra For Many In The Unicorn Era ~ Knotel: Advertising Age — Five reasons why I'm opening my own small agency",-0.156225,4,Manhattan
Knotel,62.0,-6.0,57,-1,81.0,175.5,"Knotel: Business Journals — Future Knotel building in Wynwood obtains $11M mortgage ~ Knotel: Business Insider — After the disaster of office-rental startup Knotel last year, its founder Amol Sarva is now back as a VC with a $100 million fund ~ Knotel: Crunchbase News — ‘Winners Take None’ Is A Mantra For Many In The Unicorn Era ~ Knotel: Advertising Age — Five reasons why I'm opening my own small agency",-0.156225,4,Manhattan
Knotel,62.0,-6.0,57,-1,81.0,175.5,"Knotel: Business Journals — Future Knotel building in Wynwood obtains $11M mortgage ~ Knotel: Business Insider — After the disaster of office-rental startup Knotel last year, its founder Amol Sarva is now back as a VC with a $100 million fund ~ Knotel: Crunchbase News — ‘Winners Take None’ Is A Mantra For Many In The Unicorn Era ~ Knotel: Advertising Age — Five reasons why I'm opening my own small agency",-0.156225,4,Manhattan
Knotel,62.0,0.0,57,-1,81.0,175.5,"Knotel: Business Journals — Future Knotel building in Wynwood obtains $11M mortgage ~ Knotel: Business Insider — After the disaster of office-rental startup Knotel last year, its founder Amol Sarva is now back as a VC with a $100 million fund ~ Knotel: Crunchbase News — ‘Winners Take None’ Is A Mantra For Many In The Unicorn Era ~ Knotel: Advertising Age — Five reasons why I'm opening my own small agency",-0.156225,4,San Francisco
Knotel,62.0,0.0,57,-1,81.0,175.5,"Knotel: Business Journals — Future Knotel building in Wynwood obtains $11M mortgage ~ Knotel: Business Insider — After the disaster of office-rental startup Knotel last year, its founder Amol Sarva is now back as a VC with a $100 million fund ~ Knotel: Crunchbase News — ‘Winners Take None’ Is A Mantra For Many In The Unicorn Era ~ Knotel: Advertising Age — Five reasons why I'm opening my own small agency",-0.156225,4,San Francisco
Knotel,62.0,-6.0,57,-1,81.0,175.5,"Knotel: Business Journals — Future Knotel building in Wynwood obtains $11M mortgage ~ Knotel: Business Insider — After the disaster of office-rental startup Knotel last year, its founder Amol Sarva is now back as a VC with a $100 million fund ~ Knotel: Crunchbase News — ‘Winners Take None’ Is A Mantra For Many In The Unicorn Era ~ Knotel: Advertising Age — Five reasons why I'm opening my own small agency",-0.156225,4,Manhattan
Knotel,62.0,-6.0,57,-1,81.0,175.5,"Knotel: Business Journals — Future Knotel building in Wynwood obtains $11M mortgage ~ Knotel: Business Insider — After the disaster of office-rental startup Knotel last year, its founder Amol Sarva is now back as a VC with a $100 million fund ~ Knotel: Crunchbase News — ‘Winners Take None’ Is A Mantra For Many In The Unicorn Era ~ Knotel: Advertising Age — Five reasons why I'm opening my own small agency",-0.156225,4,Manhattan
Knotel,62.0,-6.0,57,-1,81.0,175.5,"Knotel: Business Journals — Future Knotel building in Wynwood obtains $11M mortgage ~ Knotel: Business Insider — After the disaster of office-rental startup Knotel last year, its founder Amol Sarva is now back as a VC with a $100 million fund ~ Knotel: Crunchbase News — ‘Winners Take None’ Is A Mantra For Many In The Unicorn Era ~ Knotel: Advertising Age — Five reasons why I'm opening my own small agency",-0.156225,4,Manhattan
Knotel,62.0,-6.0,57,-1,81.0,175.5,"Knotel: Business Journals — Future Knotel building in Wynwood obtains $11M mortgage ~ Knotel: Business Insider — After the disaster of office-rental startup Knotel last year, its founder Amol Sarva is now back as a VC with a $100 million fund ~ Knotel: Crunchbase News — ‘Winners Take None’ Is A Mantra For Many In The Unicorn Era ~ Knotel: Advertising Age — Five reasons why I'm opening my own small agency",-0.156225,4,Manhattan
Knotel,62.0,-6.0,57,-1,81.0,175.5,"Knotel: Business Journals — Future Knotel building in Wynwood obtains $11M mortgage ~ Knotel: Business Insider — After the disaster of office-rental startup Knotel last year, its founder Amol Sarva is now back as a VC with a $100 million fund ~ Knotel: Crunchbase News — ‘Winners Take None’ Is A Mantra For Many In The Unicorn Era ~ Knotel: Advertising Age — Five reasons why I'm opening my own small agency",-0.156225,4,Manhattan
Knotel,62.0,-6.0,57,-1,81.0,175.5,"Knotel: Business Journals — Future Knotel building in Wynwood obtains $11M mortgage ~ Knotel: Business Insider — After the disaster of office-rental startup Knotel last year, its founder Amol Sarva is now back as a VC with a $100 million fund ~ Knotel: Crunchbase News — ‘Winners Take None’ Is A Mantra For Many In The Unicorn Era ~ Knotel: Advertising Age — Five reasons why I'm opening my own small agency",-0.156225,4,Manhattan
Knotel,62.0,-6.0,57,-1,81.0,175.5,"Knotel: Business Journals — Future Knotel building in Wynwood obtains $11M mortgage ~ Knotel: Business Insider — After the disaster of office-rental startup Knotel last year, its founder Amol Sarva is now back as a VC with a $100 million fund ~ Knotel: Crunchbase News — ‘Winners Take None’ Is A Mantra For Many In The Unicorn Era ~ Knotel: Advertising Age — Five reasons why I'm opening my own small agency",-0.156225,4,Manhattan
Knotel,62.0,-6.0,57,-1,81.0,175.5,"Knotel: Business Journals — Future Knotel building in Wynwood obtains $11M mortgage ~ Knotel: Business Insider — After the disaster of office-rental startup Knotel last year, its founder Amol Sarva is now back as a VC with a $100 million fund ~ Knotel: Crunchbase News — ‘Winners Take None’ Is A Mantra For Many In The Unicorn Era ~ Knotel: Advertising Age — Five reasons why I'm opening my own small agency",-0.156225,4,Manhattan
Knotel,62.0,-6.0,57,-1,81.0,175.5,"Knotel: Business Journals — Future Knotel building in Wynwood obtains $11M mortgage ~ Knotel: Business Insider — After the disaster of office-rental startup Knotel last year, its founder Amol Sarva is now back as a VC with a $100 million fund ~ Knotel: Crunchbase News — ‘Winners Take None’ Is A Mantra For Many In The Unicorn Era ~ Knotel: Advertising Age — Five reasons why I'm opening my own small agency",-0.156225,4,Manhattan
Knotel,62.0,-6.0,57,-1,81.0,175.5,"Knotel: Business Journals — Future Knotel building in Wynwood obtains $11M mortgage ~ Knotel: Business Insider — After the disaster of office-rental startup Knotel last year, its founder Amol Sarva is now back as a VC with a $100 million fund ~ Knotel: Crunchbase News — ‘Winners Take None’ Is A Mantra For Many In The Unicorn Era ~ Knotel: Advertising Age — Five reasons why I'm opening my own small agency",-0.156225,4,Manhattan
Knotel,62.0,-6.0,57,-1,81.0,175.5,"Knotel: Business Journals — Future Knotel building in Wynwood obtains $11M mortgage ~ Knotel: Business Insider — After the disaster of office-rental startup Knotel last year, its founder Amol Sarva is now back as a VC with a $100 million fund ~ Knotel: Crunchbase News — ‘Winners Take None’ Is A Mantra For Many In The Unicorn Era ~ Knotel: Advertising Age — Five reasons why I'm opening my own small agency",-0.156225,4,Manhattan
Knotel,62.0,-6.0,57,-1,81.0,175.5,"Knotel: Business Journals — Future Knotel building in Wynwood obtains $11M mortgage ~ Knotel: Business Insider — After the disaster of office-rental startup Knotel last year, its founder Amol Sarva is now back as a VC with a $100 million fund ~ Knotel: Crunchbase News — ‘Winners Take None’ Is A Mantra For Many In The Unicorn Era ~ Knotel: Advertising Age — Five reasons why I'm opening my own small agency",-0.156225,4,Manhattan
Knotel,62.0,-6.0,57,-1,81.0,175.5,"Knotel: Business Journals — Future Knotel building in Wynwood obtains $11M mortgage ~ Knotel: Business Insider — After the disaster of office-rental startup Knotel last year, its founder Amol Sarva is now back as a VC with a $100 million fund ~ Knotel: Crunchbase News — ‘Winners Take None’ Is A Mantra For Many In The Unicorn Era ~ Knotel: Advertising Age — Five reasons why I'm opening my own small agency",-0.156225,4,Manhattan
Knotel,62.0,0.0,57,-1,81.0,175.5,"Knotel: Business Journals — Future Knotel building in Wynwood obtains $11M mortgage ~ Knotel: Business Insider — After the disaster of office-rental startup Knotel last year, its founder Amol Sarva is now back as a VC with a $100 million fund ~ Knotel: Crunchbase News — ‘Winners Take None’ Is A Mantra For Many In The Unicorn Era ~ Knotel: Advertising Age — Five reasons why I'm opening my own small agency",-0.156225,4,San Francisco
Knotel,62.0,0.0,57,-1,81.0,175.5,"Knotel: Business Journals — Future Knotel building in Wynwood obtains $11M mortgage ~ Knotel: Business Insider — After the disaster of office-rental startup Knotel last year, its founder Amol Sarva is now back as a VC with a $100 million fund ~ Knotel: Crunchbase News — ‘Winners Take None’ Is A Mantra For Many In The Unicorn Era ~ Knotel: Advertising Age — Five reasons why I'm opening my own small agency",-0.156225,4,San Francisco
Knotel,62.0,-6.0,57,-1,81.0,175.5,"Knotel: Business Journals — Future Knotel building in Wynwood obtains $11M mortgage ~ Knotel: Business Insider — After the disaster of office-rental startup Knotel last year, its founder Amol Sarva is now back as a VC with a $100 million fund ~ Knotel: Crunchbase News — ‘Winners Take None’ Is A Mantra For Many In The Unicorn Era ~ Knotel: Advertising Age — Five reasons why I'm opening my own small agency",-0.156225,4,Manhattan
Knotel,62.0,-6.0,57,-1,81.0,175.5,"Knotel: Business Journals — Future Knotel building in Wynwood obtains $11M mortgage ~ Knotel: Business Insider — After the disaster of office-rental startup Knotel last year, its founder Amol Sarva is now back as a VC with a $100 million fund ~ Knotel: Crunchbase News — ‘Winners Take None’ Is A Mantra For Many In The Unicorn Era ~ Knotel: Advertising Age — Five reasons why I'm opening my own small agency",-0.156225,4,Manhattan
Knotel,62.0,-6.0,57,-1,81.0,175.5,"Knotel: Business Journals — Future Knotel building in Wynwood obtains $11M mortgage ~ Knotel: Business Insider — After the disaster of office-rental startup Knotel last year, its founder Amol Sarva is now back as a VC with a $100 million fund ~ Knotel: Crunchbase News — ‘Winners Take None’ Is A Mantra For Many In The Unicorn Era ~ Knotel: Advertising Age — Five reasons why I'm opening my own small agency",-0.156225,4,Manhattan
Knotel,62.0,-6.0,57,-1,81.0,175.5,"Knotel: Business Journals — Future Knotel building in Wynwood obtains $11M mortgage ~ Knotel: Business Insider — After the disaster of office-rental startup Knotel last year, its founder Amol Sarva is now back as a VC with a $100 million fund ~ Knotel: Crunchbase News — ‘Winners Take None’ Is A Mantra For Many In The Unicorn Era ~ Knotel: Advertising Age — Five reasons why I'm opening my own small agency",-0.156225,4,Manhattan
Knotel,62.0,-6.0,57,-1,81.0,175.5,"Knotel: Business Journals — Future Knotel building in Wynwood obtains $11M mortgage ~ Knotel: Business Insider — After the disaster of office-rental startup Knotel last year, its founder Amol Sarva is now back as a VC with a $100 million fund ~ Knotel: Crunchbase News — ‘Winners Take None’ Is A Mantra For Many In The Unicorn Era ~ Knotel: Advertising Age — Five reasons why I'm opening my own small agency",-0.156225,4,Manhattan
Knotel,62.0,-6.0,57,-1,81.0,175.5,"Knotel: Business Journals — Future Knotel building in Wynwood obtains $11M mortgage ~ Knotel: Business Insider — After the disaster of office-rental startup Knotel last year, its founder Amol Sarva is now back as a VC with a $100 million fund ~ Knotel: Crunchbase News — ‘Winners Take None’ Is A Mantra For Many In The Unicorn Era ~ Knotel: Advertising Age — Five reasons why I'm opening my own small agency",-0.156225,4,Manhattan
Knotel,62.0,-6.0,57,-1,81.0,175.5,"Knotel: Business Journals — Future Knotel building in Wynwood obtains $11M mortgage ~ Knotel: Business Insider — After the disaster of office-rental startup Knotel last year, its founder Amol Sarva is now back as a VC with a $100 million fund ~ Knotel: Crunchbase News — ‘Winners Take None’ Is A Mantra For Many In The Unicorn Era ~ Knotel: Advertising Age — Five reasons why I'm opening my own small agency",-0.156225,4,Manhattan
Knotel,62.0,0.0,57,-1,81.0,175.5,"Knotel: Business Journals — Future Knotel building in Wynwood obtains $11M mortgage ~ Knotel: Business Insider — After the disaster of office-rental startup Knotel last year, its founder Amol Sarva is now back as a VC with a $100 million fund ~ Knotel: Crunchbase News — ‘Winners Take None’ Is A Mantra For Many In The Unicorn Era ~ Knotel: Advertising Age — Five reasons why I'm opening my own small agency",-0.156225,4,San Francisco
Knotel,62.0,-6.0,57,-1,81.0,175.5,"Knotel: Business Journals — Future Knotel building in Wynwood obtains $11M mortgage ~ Knotel: Business Insider — After the disaster of office-rental startup Knotel last year, its founder Amol Sarva is now back as a VC with a $100 million fund ~ Knotel: Crunchbase News — ‘Winners Take None’ Is A Mantra For Many In The Unicorn Era ~ Knotel: Advertising Age — Five reasons why I'm opening my own small agency",-0.156225,4,Manhattan
Knotel,62.0,-6.0,57,-1,81.0,175.5,"Knotel: Business Journals — Future Knotel building in Wynwood obtains $11M mortgage ~ Knotel: Business Insider — After the disaster of office-rental startup Knotel last year, its founder Amol Sarva is now back as a VC with a $100 million fund ~ Knotel: Crunchbase News — ‘Winners Take None’ Is A Mantra For Many In The Unicorn Era ~ Knotel: Advertising Age — Five reasons why I'm opening my own small agency",-0.156225,4,Manhattan
Knotel,62.0,-6.0,57,-1,81.0,175.5,"Knotel: Business Journals — Future Knotel building in Wynwood obtains $11M mortgage ~ Knotel: Business Insider — After the disaster of office-rental startup Knotel last year, its founder Amol Sarva is now back as a VC with a $100 million fund ~ Knotel: Crunchbase News — ‘Winners Take None’ Is A Mantra For Many In The Unicorn Era ~ Knotel: Advertising Age — Five reasons why I'm opening my own small agency",-0.156225,4,Manhattan
Knotel,62.0,0.0,57,-1,81.0,175.5,"Knotel: Business Journals — Future Knotel building in Wynwood obtains $11M mortgage ~ Knotel: Business Insider — After the disaster of office-rental startup Knotel last year, its founder Amol Sarva is now back as a VC with a $100 million fund ~ Knotel: Crunchbase News — ‘Winners Take None’ Is A Mantra For Many In The Unicorn Era ~ Knotel: Advertising Age — Five reasons why I'm opening my own small agency",-0.156225,4,San Francisco
Knotel,62.0,-6.0,57,-1,81.0,175.5,"Knotel: Business Journals — Future Knotel building in Wynwood obtains $11M mortgage ~ Knotel: Business Insider — After the disaster of office-rental startup Knotel last year, its founder Amol Sarva is now back as a VC with a $100 million fund ~ Knotel: Crunchbase News — ‘Winners Take None’ Is A Mantra For Many In The Unicorn Era ~ Knotel: Advertising Age — Five reasons why I'm opening my own small agency",-0.156225,4,Manhattan
Knotel,62.0,-6.0,57,-1,81.0,175.5,"Knotel: Business Journals — Future Knotel building in Wynwood obtains $11M mortgage ~ Knotel: Business Insider — After the disaster of office-rental startup Knotel last year, its founder Amol Sarva is now back as a VC with a $100 million fund ~ Knotel: Crunchbase News — ‘Winners Take None’ Is A Mantra For Many In The Unicorn Era ~ Knotel: Advertising Age — Five reasons why I'm opening my own small agency",-0.156225,4,Manhattan
Knotel,62.0,0.0,57,-1,81.0,175.5,"Knotel: Business Journals — Future Knotel building in Wynwood obtains $11M mortgage ~ Knotel: Business Insider — After the disaster of office-rental startup Knotel last year, its founder Amol Sarva is now back as a VC with a $100 million fund ~ Knotel: Crunchbase News — ‘Winners Take None’ Is A Mantra For Many In The Unicorn Era ~ Knotel: Advertising Age — Five reasons why I'm opening my own small agency",-0.156225,4,San Francisco
Knotel,62.0,0.0,57,-1,81.0,175.5,"Knotel: Business Journals — Future Knotel building in Wynwood obtains $11M mortgage ~ Knotel: Business Insider — After the disaster of office-rental startup Knotel last year, its founder Amol Sarva is now back as a VC with a $100 million fund ~ Knotel: Crunchbase News — ‘Winners Take None’ Is A Mantra For Many In The Unicorn Era ~ Knotel: Advertising Age — Five reasons why I'm opening my own small agency",-0.156225,4,San Francisco
Knotel,62.0,-6.0,57,-1,81.0,175.5,"Knotel: Business Journals — Future Knotel building in Wynwood obtains $11M mortgage ~ Knotel: Business Insider — After the disaster of office-rental startup Knotel last year, its founder Amol Sarva is now back as a VC with a $100 million fund ~ Knotel: Crunchbase News — ‘Winners Take None’ Is A Mantra For Many In The Unicorn Era ~ Knotel: Advertising Age — Five reasons why I'm opening my own small agency",-0.156225,4,Manhattan
Knotel,62.0,-6.0,57,-1,81.0,175.5,"Knotel: Business Journals — Future Knotel building in Wynwood obtains $11M mortgage ~ Knotel: Business Insider — After the disaster of office-rental startup Knotel last year, its founder Amol Sarva is now back as a VC with a $100 million fund ~ Knotel: Crunchbase News — ‘Winners Take None’ Is A Mantra For Many In The Unicorn Era ~ Knotel: Advertising Age — Five reasons why I'm opening my own small agency",-0.156225,4,Manhattan
Knotel,62.0,-6.0,57,-1,81.0,175.5,"Knotel: Business Journals — Future Knotel building in Wynwood obtains $11M mortgage ~ Knotel: Business Insider — After the disaster of office-rental startup Knotel last year, its founder Amol Sarva is now back as a VC with a $100 million fund ~ Knotel: Crunchbase News — ‘Winners Take None’ Is A Mantra For Many In The Unicorn Era ~ Knotel: Advertising Age — Five reasons why I'm opening my own small agency",-0.156225,4,Manhattan
Knotel,62.0,-6.0,57,-1,81.0,175.5,"Knotel: Business Journals — Future Knotel building in Wynwood obtains $11M mortgage ~ Knotel: Business Insider — After the disaster of office-rental startup Knotel last year, its founder Amol Sarva is now back as a VC with a $100 million fund ~ Knotel: Crunchbase News — ‘Winners Take None’ Is A Mantra For Many In The Unicorn Era ~ Knotel: Advertising Age — Five reasons why I'm opening my own small agency",-0.156225,4,Manhattan
Knotel,62.0,-6.0,57,-1,81.0,175.5,"Knotel: Business Journals — Future Knotel building in Wynwood obtains $11M mortgage ~ Knotel: Business Insider — After the disaster of office-rental startup Knotel last year, its founder Amol Sarva is now back as a VC with a $100 million fund ~ Knotel: Crunchbase News — ‘Winners Take None’ Is A Mantra For Many In The Unicorn Era ~ Knotel: Advertising Age — Five reasons why I'm opening my own small agency",-0.156225,4,Manhattan
Knotel,62.0,-6.0,57,-1,81.0,175.5,"Knotel: Business Journals — Future Knotel building in Wynwood obtains $11M mortgage ~ Knotel: Business Insider — After the disaster of office-rental startup Knotel last year, its founder Amol Sarva is now back as a VC with a $100 million fund ~ Knotel: Crunchbase News — ‘Winners Take None’ Is A Mantra For Many In The Unicorn Era ~ Knotel: Advertising Age — Five reasons why I'm opening my own small agency",-0.156225,4,Manhattan
Knotel,62.0,-6.0,57,-1,81.0,175.5,"Knotel: Business Journals — Future Knotel building in Wynwood obtains $11M mortgage ~ Knotel: Business Insider — After the disaster of office-rental startup Knotel last year, its founder Amol Sarva is now back as a VC with a $100 million fund ~ Knotel: Crunchbase News — ‘Winners Take None’ Is A Mantra For Many In The Unicorn Era ~ Knotel: Advertising Age — Five reasons why I'm opening my own small agency",-0.156225,4,Manhattan
Knotel,62.0,0.0,57,-1,81.0,175.5,"Knotel: Business Journals — Future Knotel building in Wynwood obtains $11M mortgage ~ Knotel: Business Insider — After the disaster of office-rental startup Knotel last year, its founder Amol Sarva is now back as a VC with a $100 million fund ~ Knotel: Crunchbase News — ‘Winners Take None’ Is A Mantra For Many In The Unicorn Era ~ Knotel: Advertising Age — Five reasons why I'm opening my own small agency",-0.156225,4,San Francisco
Knotel,62.0,0.0,57,-1,81.0,175.5,"Knotel: Business Journals — Future Knotel building in Wynwood obtains $11M mortgage ~ Knotel: Business Insider — After the disaster of office-rental startup Knotel last year, its founder Amol Sarva is now back as a VC with a $100 million fund ~ Knotel: Crunchbase News — ‘Winners Take None’ Is A Mantra For Many In The Unicorn Era ~ Knotel: Advertising Age — Five reasons why I'm opening my own small agency",-0.156225,4,San Francisco
Knotel,62.0,-6.0,57,-1,81.0,175.5,"Knotel: Business Journals — Future Knotel building in Wynwood obtains $11M mortgage ~ Knotel: Business Insider — After the disaster of office-rental startup Knotel last year, its founder Amol Sarva is now back as a VC with a $100 million fund ~ Knotel: Crunchbase News — ‘Winners Take None’ Is A Mantra For Many In The Unicorn Era ~ Knotel: Advertising Age — Five reasons why I'm opening my own small agency",-0.156225,4,Manhattan
Knotel,62.0,-6.0,57,-1,81.0,175.5,"Knotel: Business Journals — Future Knotel building in Wynwood obtains $11M mortgage ~ Knotel: Business Insider — After the disaster of office-rental startup Knotel last year, its founder Amol Sarva is now back as a VC with a $100 million fund ~ Knotel: Crunchbase News — ‘Winners Take None’ Is A Mantra For Many In The Unicorn Era ~ Knotel: Advertising Age — Five reasons why I'm opening my own small agency",-0.156225,4,Manhattan
Knotel,62.0,-6.0,57,-1,81.0,175.5,"Knotel: Business Journals — Future Knotel building in Wynwood obtains $11M mortgage ~ Knotel: Business Insider — After the disaster of office-rental startup Knotel last year, its founder Amol Sarva is now back as a VC with a $100 million fund ~ Knotel: Crunchbase News — ‘Winners Take None’ Is A Mantra For Many In The Unicorn Era ~ Knotel: Advertising Age — Five reasons why I'm opening my own small agency",-0.156225,4,Manhattan
Knotel,62.0,-6.0,57,-1,81.0,175.5,"Knotel: Business Journals — Future Knotel building in Wynwood obtains $11M mortgage ~ Knotel: Business Insider — After the disaster of office-rental startup Knotel last year, its founder Amol Sarva is now back as a VC with a $100 million fund ~ Knotel: Crunchbase News — ‘Winners Take None’ Is A Mantra For Many In The Unicorn Era ~ Knotel: Advertising Age — Five reasons why I'm opening my own small agency",-0.156225,4,Manhattan
Knotel,62.0,-6.0,57,-1,81.0,175.5,"Knotel: Business Journals — Future Knotel building in Wynwood obtains $11M mortgage ~ Knotel: Business Insider — After the disaster of office-rental startup Knotel last year, its founder Amol Sarva is now back as a VC with a $100 million fund ~ Knotel: Crunchbase News — ‘Winners Take None’ Is A Mantra For Many In The Unicorn Era ~ Knotel: Advertising Age — Five reasons why I'm opening my own small agency",-0.156225,4,Manhattan
Knotel,62.0,0.0,57,-1,81.0,175.5,"Knotel: Business Journals — Future Knotel building in Wynwood obtains $11M mortgage ~ Knotel: Business Insider — After the disaster of office-rental startup Knotel last year, its founder Amol Sarva is now back as a VC with a $100 million fund ~ Knotel: Crunchbase News — ‘Winners Take None’ Is A Mantra For Many In The Unicorn Era ~ Knotel: Advertising Age — Five reasons why I'm opening my own small agency",-0.156225,4,San Francisco
Knotel,62.0,-6.0,57,-1,81.0,175.5,"Knotel: Business Journals — Future Knotel building in Wynwood obtains $11M mortgage ~ Knotel: Business Insider — After the disaster of office-rental startup Knotel last year, its founder Amol Sarva is now back as a VC with a $100 million fund ~ Knotel: Crunchbase News — ‘Winners Take None’ Is A Mantra For Many In The Unicorn Era ~ Knotel: Advertising Age — Five reasons why I'm opening my own small agency",-0.156225,4,Manhattan
Knotel,62.0,-6.0,57,-1,81.0,175.5,"Knotel: Business Journals — Future Knotel building in Wynwood obtains $11M mortgage ~ Knotel: Business Insider — After the disaster of office-rental startup Knotel last year, its founder Amol Sarva is now back as a VC with a $100 million fund ~ Knotel: Crunchbase News — ‘Winners Take None’ Is A Mantra For Many In The Unicorn Era ~ Knotel: Advertising Age — Five reasons why I'm opening my own small agency",-0.156225,4,Manhattan
Knotel,62.0,-6.0,57,-1,81.0,175.5,"Knotel: Business Journals — Future Knotel building in Wynwood obtains $11M mortgage ~ Knotel: Business Insider — After the disaster of office-rental startup Knotel last year, its founder Amol Sarva is now back as a VC with a $100 million fund ~ Knotel: Crunchbase News — ‘Winners Take None’ Is A Mantra For Many In The Unicorn Era ~ Knotel: Advertising Age — Five reasons why I'm opening my own small agency",-0.156225,4,Manhattan
Knotel,62.0,-6.0,57,-1,81.0,175.5,"Knotel: Business Journals — Future Knotel building in Wynwood obtains $11M mortgage ~ Knotel: Business Insider — After the disaster of office-rental startup Knotel last year, its founder Amol Sarva is now back as a VC with a $100 million fund ~ Knotel: Crunchbase News — ‘Winners Take None’ Is A Mantra For Many In The Unicorn Era ~ Knotel: Advertising Age — Five reasons why I'm opening my own small agency",-0.156225,4,Manhattan
Knotel,62.0,-6.0,57,-1,81.0,175.5,"Knotel: Business Journals — Future Knotel building in Wynwood obtains $11M mortgage ~ Knotel: Business Insider — After the disaster of office-rental startup Knotel last year, its founder Amol Sarva is now back as a VC with a $100 million fund ~ Knotel: Crunchbase News — ‘Winners Take None’ Is A Mantra For Many In The Unicorn Era ~ Knotel: Advertising Age — Five reasons why I'm opening my own small agency",-0.156225,4,Manhattan
Knotel,62.0,-6.0,57,-1,81.0,175.5,"Knotel: Business Journals — Future Knotel building in Wynwood obtains $11M mortgage ~ Knotel: Business Insider — After the disaster of office-rental startup Knotel last year, its founder Amol Sarva is now back as a VC with a $100 million fund ~ Knotel: Crunchbase News — ‘Winners Take None’ Is A Mantra For Many In The Unicorn Era ~ Knotel: Advertising Age — Five reasons why I'm opening my own small agency",-0.156225,4,Manhattan
Knotel,62.0,-6.0,57,-1,81.0,175.5,"Knotel: Business Journals — Future Knotel building in Wynwood obtains $11M mortgage ~ Knotel: Business Insider — After the disaster of office-rental startup Knotel last year, its founder Amol Sarva is now back as a VC with a $100 million fund ~ Knotel: Crunchbase News — ‘Winners Take None’ Is A Mantra For Many In The Unicorn Era ~ Knotel: Advertising Age — Five reasons why I'm opening my own small agency",-0.156225,4,Manhattan
Uber,91.0,-13.0,79,22,,13921.531921658645,"Uber: Beta News — Volkswagen and Uber bring self-driving ID. Buzz electric vans to Los Angeles ~ Uber: Tech Funding News — Uber and Volkswagen to bring robotaxi by 2026: Is the future of mobility here, and what about the Waymo and Tesla rivalry? ~ Uber: Newsweek — Uber Could Be Halted For Millions of Americans ~ Uber: Reuters — Alphabet says Waymo may offer robotaxis for personal ownership in future",0.0,4,Manhattan
Uber,91.0,0.0,79,22,,13921.531921658645,"Uber: Beta News — Volkswagen and Uber bring self-driving ID. Buzz electric vans to Los Angeles ~ Uber: Tech Funding News — Uber and Volkswagen to bring robotaxi by 2026: Is the future of mobility here, and what about the Waymo and Tesla rivalry? ~ Uber: Newsweek — Uber Could Be Halted For Millions of Americans ~ Uber: Reuters — Alphabet says Waymo may offer robotaxis for personal ownership in future",0.0,4,Dallas/Ft Worth
Uber,91.0,0.0,79,22,,13921.531921658645,"Uber: Beta News — Volkswagen and Uber bring self-driving ID. Buzz electric vans to Los Angeles ~ Uber: Tech Funding News — Uber and Volkswagen to bring robotaxi by 2026: Is the future of mobility here, and what about the Waymo and Tesla rivalry? ~ Uber: Newsweek — Uber Could Be Halted For Millions of Americans ~ Uber: Reuters — Alphabet says Waymo may offer robotaxis for personal ownership in future",0.0,4,Dallas/Ft Worth
Uber,91.0,-13.0,79,22,,13921.531921658645,"Uber: Beta News — Volkswagen and Uber bring self-driving ID. Buzz electric vans to Los Angeles ~ Uber: Tech Funding News — Uber and Volkswagen to bring robotaxi by 2026: Is the future of mobility here, and what about the Waymo and Tesla rivalry? ~ Uber: Newsweek — Uber Could Be Halted For Millions of Americans ~ Uber: Reuters — Alphabet says Waymo may offer robotaxis for personal ownership in future",0.0,4,Manhattan
Uber,91.0,-13.0,79,22,,13921.531921658645,"Uber: Beta News — Volkswagen and Uber bring self-driving ID. Buzz electric vans to Los Angeles ~ Uber: Tech Funding News — Uber and Volkswagen to bring robotaxi by 2026: Is the future of mobility here, and what about the Waymo and Tesla rivalry? ~ Uber: Newsweek — Uber Could Be Halted For Millions of Americans ~ Uber: Reuters — Alphabet says Waymo may offer robotaxis for personal ownership in future",0.0,4,Manhattan
Uber,91.0,-7.0,79,22,,13921.531921658645,"Uber: Beta News — Volkswagen and Uber bring self-driving ID. Buzz electric vans to Los Angeles ~ Uber: Tech Funding News — Uber and Volkswagen to bring robotaxi by 2026: Is the future of mobility here, and what about the Waymo and Tesla rivalry? ~ Uber: Newsweek — Uber Could Be Halted For Millions of Americans ~ Uber: Reuters — Alphabet says Waymo may offer robotaxis for personal ownership in future",0.0,4,San Francisco
CIT,,,64,7,79.0,5.5,CIT: The Canberra Times — CIT Solutions to be wound up and merged with CIT amid rocky financial situation ~ CIT: Canberra Times — Hollingworth's 'ridiculously good value' pitch for CIT's millions ~ CIT: EIN Presswire — Railcar Leasing Service Market CAGR 4.2 % with Growth USD 17006.31 Billion by 2033 ~ CIT: PR Newswire — Citroniq Chemicals Closes $12 Million Series A Financing,0.250025,4,Manhattan
Demandbase,91.0,-12.0,95,11,96.0,750.5,"Demandbase: MarketScreener — Informa TechTarget Confirms 2024 Revenue Range, 2025 Outlook and Updates on Form 10-K Filing ~ Demandbase: MarketScreener — Omdia: OLED Shipments Hit 19.2% Growth Year-on-Year in February 2025 ~ Demandbase: MarketScreener — TechTarget, Inc. (TTGT) Investors Who Lost Money – Contact Law Offices of Howard G. Smith About Securities Fraud Investigation ~ Demandbase: MarTech Series — Demandbase Unveils Marketplace and Developer Portal, Connecting GTM Intelligence Across Enterprise Tech Stacks to Fuel Growth",0.11829999999999997,4,Manhattan
Demandbase,91.0,-12.0,95,11,96.0,750.5,"Demandbase: MarketScreener — Informa TechTarget Confirms 2024 Revenue Range, 2025 Outlook and Updates on Form 10-K Filing ~ Demandbase: MarketScreener — Omdia: OLED Shipments Hit 19.2% Growth Year-on-Year in February 2025 ~ Demandbase: MarketScreener — TechTarget, Inc. (TTGT) Investors Who Lost Money – Contact Law Offices of Howard G. Smith About Securities Fraud Investigation ~ Demandbase: MarTech Series — Demandbase Unveils Marketplace and Developer Portal, Connecting GTM Intelligence Across Enterprise Tech Stacks to Fuel Growth",0.11829999999999997,4,Manhattan
Demandbase,91.0,-6.0,95,11,96.0,750.5,"Demandbase: MarketScreener — Informa TechTarget Confirms 2024 Revenue Range, 2025 Outlook and Updates on Form 10-K Filing ~ Demandbase: MarketScreener — Omdia: OLED Shipments Hit 19.2% Growth Year-on-Year in February 2025 ~ Demandbase: MarketScreener — TechTarget, Inc. (TTGT) Investors Who Lost Money – Contact Law Offices of Howard G. Smith About Securities Fraud Investigation ~ Demandbase: MarTech Series — Demandbase Unveils Marketplace and Developer Portal, Connecting GTM Intelligence Across Enterprise Tech Stacks to Fuel Growth",0.11829999999999997,4,San Francisco
Littlstar,,,81,2,81.0,30.5,Littlstar: Forbes — Littlstar Is Now RAD With NFTs For Entertainment Industry,0.4215,1,Manhattan
Btween,,,74,-1,64.0,30.5,,0.0,1,Manhattan
Ripple,96.0,-4.0,93,30,95.0,750.5,"Ripple: JA Mining — From Holding to Adding Value: New Strategies for XRP Investors and JA Mining’s Cloud Solutions ~ Ripple: StreetInsider.com — From Holding to Adding Value: New Strategies for XRP Investors and JA Mining’s Cloud Solutions ~ Ripple: GlobeNewswire — From Holding to Adding Value: New Strategies for XRP Investors and JA Mining’s Cloud Solutions ~ Ripple: NewsBTC — XRP Price Pullback To $2 According To Plan For Historic Breakout To $10, Analyst Says",0.357525,4,Manhattan
Ripple,96.0,-4.0,93,30,95.0,750.5,"Ripple: JA Mining — From Holding to Adding Value: New Strategies for XRP Investors and JA Mining’s Cloud Solutions ~ Ripple: StreetInsider.com — From Holding to Adding Value: New Strategies for XRP Investors and JA Mining’s Cloud Solutions ~ Ripple: GlobeNewswire — From Holding to Adding Value: New Strategies for XRP Investors and JA Mining’s Cloud Solutions ~ Ripple: NewsBTC — XRP Price Pullback To $2 According To Plan For Historic Breakout To $10, Analyst Says",0.357525,4,Manhattan
Ripple,96.0,2.0,93,30,95.0,750.5,"Ripple: JA Mining — From Holding to Adding Value: New Strategies for XRP Investors and JA Mining’s Cloud Solutions ~ Ripple: StreetInsider.com — From Holding to Adding Value: New Strategies for XRP Investors and JA Mining’s Cloud Solutions ~ Ripple: GlobeNewswire — From Holding to Adding Value: New Strategies for XRP Investors and JA Mining’s Cloud Solutions ~ Ripple: NewsBTC — XRP Price Pullback To $2 According To Plan For Historic Breakout To $10, Analyst Says",0.357525,4,San Francisco
Linesight,89.0,-3.0,64,3,85.0,750.5,Linesight: Building — 5 minutes with … Priya Shah at Linesight | Features | Building ~ Linesight: Business Wire — Labor Shortages Impacting Construction Growth Potential for Booming Mission-Critical Sectors ~ Linesight: Business Wire — Insights From Global Life Sciences Benchmarking: Experts and End Users to Discuss Emerging Trends and Benefits ~ Linesight: Linesight's Niall Greene on why the gigafactory opportunity is huge,0.314175,4,Manhattan
Linesight,89.0,-3.0,64,3,85.0,750.5,Linesight: Building — 5 minutes with … Priya Shah at Linesight | Features | Building ~ Linesight: Business Wire — Labor Shortages Impacting Construction Growth Potential for Booming Mission-Critical Sectors ~ Linesight: Business Wire — Insights From Global Life Sciences Benchmarking: Experts and End Users to Discuss Emerging Trends and Benefits ~ Linesight: Linesight's Niall Greene on why the gigafactory opportunity is huge,0.314175,4,Manhattan
Linesight,89.0,10.0,64,3,85.0,750.5,Linesight: Building — 5 minutes with … Priya Shah at Linesight | Features | Building ~ Linesight: Business Wire — Labor Shortages Impacting Construction Growth Potential for Booming Mission-Critical Sectors ~ Linesight: Business Wire — Insights From Global Life Sciences Benchmarking: Experts and End Users to Discuss Emerging Trends and Benefits ~ Linesight: Linesight's Niall Greene on why the gigafactory opportunity is huge,0.314175,4,Dallas/Ft Worth
Linesight,89.0,10.0,64,3,85.0,750.5,Linesight: Building — 5 minutes with … Priya Shah at Linesight | Features | Building ~ Linesight: Business Wire — Labor Shortages Impacting Construction Growth Potential for Booming Mission-Critical Sectors ~ Linesight: Business Wire — Insights From Global Life Sciences Benchmarking: Experts and End Users to Discuss Emerging Trends and Benefits ~ Linesight: Linesight's Niall Greene on why the gigafactory opportunity is huge,0.314175,4,Dallas/Ft Worth
Cubic Transportation Systems,92.0,-2.0,80,12,82.0,3000.5,"Cubic Transportation Systems: The Telegraph — The ‘smart gates’ that could catch up to 100,000 fare dodgers a day ~ Cubic Transportation Systems: StreetInsider.com — Cubic Transportation Systems Announces FEnX the Next Generation of Fare Gates Advancing Revenue Protection, Accessibility and Safety ~ Cubic Transportation Systems: GovTech — Other New Jersey Fare Cards Emerge as MetroCard Sunsets ~ Cubic Transportation Systems: GovTech — With Artificial Intelligence, Transit Fare Gates Get Smarter",0.2871,4,Manhattan
Tapco,90.0,-1.0,89,16,91.0,75.5,"Tapco: Globe Newswire — TAPCO Announces New Partnership with Leading Mobility Platform NoTraffic ~ Tapco: Morningstar — TAPCO Collaborates with Cubic Transportation Systems to Offer Pioneering Intersection Detection Technology ~ Tapco: TAPCO Companies — TAPCO Announces Partnership with Frost Solutions to Offer Weather Monitoring and Forecasting Technology ~ Tapco: Globe Newswire — TAPCO Announces New Wrong-Way Alert Systems, Powered by Bosch",0.118475,4,Manhattan
Madison Development Group,,,86,13,84.0,5.5,,0.0,1,Manhattan
Allied Aviation,,,77,7,86.0,375.5,"Allied Aviation: Dallas Morning News — 500 layoffs at Holiday Inn, Live! by Loews and Allied Aviation as travel industry struggles to turn corner",0.126,1,Manhattan
Domus Development,,,89,23,60.0,5.5,,0.0,1,Dallas/Ft Worth
